,1.16+ RSG Leaderboard (Sub 20s),,,,,,,,,Runner Statistics,,,,,,,,Stats Submission,,Last Updated:
,Place,Name,Time (IGT),Status,Country,Link,Date Played,Days Since,Notes,Stats,Sub 15s,Sub 13s,Sub 12s,Sub 11s,Sub 10s,Sub 6 Blinds,Blind PB,,,March 23
1,Cube1337x,9:08.82,accepted,Finland,Video,January 23,59,,Stats,32,11,6,2,1,3,4:59,,,
2,Brentilda,9:36,accepted,United Kingdom,Video,April 19,338,,,1,1,1,1,1,,8:06,,,
3,Crookst,9:37.,unverified,Sweden,Video,March 5,18,,,50+,42,20,14,3,8,5:18,,,
4,AndrewCrow,9:53.628,unverified,Finland,Video,March 9,14,,Stats,5,2,1,1,1,,7:19,,,
5,Comprex,10:01.,unverified,Poland,Video,February 8,43,,,37,8,1,1,,,6:13,,,
6,MoleyG,10:02.333,accepted,Australia,Video,November 19,124,,Stats,36,7,2,1,,,6:21,,,
7,dreamingarturzzz,10:04.614,unverified,Russia,Video,January 23,59,,,3,2,2,1,,,6:44,,,
8,7rowl,10:23.599,unverified,Ukraine,Video,February 19,32,,Stats,30,18,8,2,,3,5:29,,,
9,natemeister,10:24.933,accepted,Hungary,Video,December 12,101,,Stats,11,3,2,1,,,,,,
10,Corobo,10:28.5,accepted,Ireland,Video,November 11,132,,Stats,2,1,1,1,,,6:24,,,
11,knau,10:35.051,unverified,Poland,Video,January 25,57,,Stats,7,5,3,1,,,6:18,,,
12,ripfc,10:37.178,unverified,United Kingdom,Video,January 20,62,not pb,,34,14,10,3,,,6:25,,,
13,Hoffik,10:37.050,accepted,Poland,Video,August 28,207,,,32,9,3,1,,,6:25,,,
14,thecamo6,10:37.512,unverified,United States,Video,January 16,66,,,10,2,1,1,,,7:02,,,
15,Ravalle,10:39.25,unverified,United Kingdom,Video,January 20,62,,Stats,16,3,2,1,,,6:35,,,
16,k4yfour,10:38.178,unverified,New Zealand,Video,January 21,61,,,8,5,3,1,,1,5:51,,,
17,Ancoboy,10:39.283,accepted,Turkey,Video,August 30,205,,,2,1,1,1,,,6:53,,,
18,Feinberg,10:40.829,accepted,United States,Video,January 7,75,,Stats,50+,18,9,2,,,6:05,,,
19,NoFear1337,10:41.108,unverified,Slovakia,Video,January 29,53,not pb,Stats,4,3,2,2,,,5:47,,,
20,AutomattPL,10:49.697,accepted,Poland,Video,January 3,79,,,18,5,2,1,,,6:52,,,
21,suravil,10:53.354,unverified,Poland,Video,February 11,40,,,2,2,1,1,,,,,,
22,Illumina,10:53.85,accepted,Canada,Video,August 26,209,,,5,2,1,1,,1,5:59,,,
23,piper_j3_cub,11:02.983,accepted,United States,Video,August 4,231,,,3,1,1,,,,7:52,,,
24,thehunterhack,11:03.518,unverified,Germany,Video,February 17,34,,,3,1,1,,,,6:14,,,
25,giyo,11:04.437,unverified,Philippines,Video,February 28,23,,Stats,24,6,1,,,,,,,
26,Semperzz,11:05.581,unverified,United States,Video,March 3,20,,Stats,6,3,2,,,,5:54,,,
27,TheeSizzler,11:07.,accepted,Canada,Video,March 20,368,,Stats,6,2,2,,,,6:49,,,
28,qam022,11:09.942,unverified,United Kingdom,Video,March 8,15,,Stats,6,4,3,,,,,,,
29,Specnr,11:11.633,accepted,Canada,Video,December 6,107,,Stats,6,1,1,,,,,,,
30,catJAM19,11:13.933,unverified,Canada,Video,February 2,49,,Stats,43,11,3,,,,6:28,,,
31,Couriway,11:15.1,accepted,United States,Video,May 11,316,,,5,2,1,,,,6:49,,,
32,EvanKay,11:15.284,unverified,Canada,Video,March 11,12,,Stats,4,1,1,,,2,5:46,,,
33,VikJos,11:15.426,unverified,Norway,Video,February 17,34,,,7,3,1,,,,6:05,,,
34,fe666,11:15.567,accepted,Hungary,Video,November 25,118,,Stats,27,6,3,,,,,,,
35,TobiasTheMan,11:17.64,accepted,Denmark,Video,September 13,191,,,1,1,1,,,,,,,
36,Vpig,11:20.814,accepted,Japan,Video,December 29,84,not pb,,11,8,2,,,,,,,
37,epnok,11:21.533,accepted,Brazil,Video,October 22,152,,,1,1,1,,,,,,,
38,90Tom,11:22.013,unverified,Czech Republic,Video,February 26,25,,,3,2,2,,,,,,,
39,ninjabrain1,11:23.133,accepted,Sweden,Video,August 3,232,,Stats,8,2,1,,,,6:40,,,
40,Hasbi,11:23.437,unverified,Indonesia,Video,February 24,27,,,2,1,1,,,,,,,
41,nEmerald,11:24.633,accepted,United States,Video,June 8,288,not pb,Stats,4,4,4,,,,6:10,,,
42,kysiek1234,11:27.036,unverified,Poland,Video,March 22,1,,,3,1,1,,,,,,,
43,lowkey,11:27.525,unverified,United States,Video,March 7,16,,,2,1,1,,,,6:01,,,
44,zTheSwordMan,11:27.552,unverified,Italy,Video,February 19,32,,,2,1,1,,,,,,,
45,alanispro,11:28.,accepted,Sweden,Video,December 11,102,,,3,2,2,,,,,,,
46,SunOmega,11:28.494,unverified,Italy,Video,January 29,53,,,5,2,1,,,,,,,
47,whatevermarco,11:29.2,accepted,Brazil,Video,December 2,111,,,11,1,1,,,,,,,
48,TheBlazer97,11:31.5,accepted,Argentina,Video,October 28,146,,,2,1,1,,,,,,,
49,hackingnoises,11:33.226,accepted,Hong Kong,Video,January 1,81,,,9,3,1,,,,,,,
50,nieuh,11:33.906,accepted,Germany,Video,January 4,78,,,9,6,3,,,,,,,
51,21mustard,11:34.549,unverified,United States,Video,January 15,67,,,4,1,1,,,1,5:48,,,
52,CroProYT,11:36.593,unverified,Croatia,Video,March 20,3,,,8,4,1,,,,,,,
53,HawkEyeSpy,11:39.392,unverified,United Kingdom,Video,February 17,34,,,7,5,1,,,1,5:49,,,
54,gulpshitto,11:43.809,unverified,Wales,Video,January 25,57,,,5,1,1,,,,,,,
55,DECTHEELITE,11:44.807,accepted,United Kingdom,Video,January 4,78,,,55,11,3,,,,,,,
56,Ale267,11:45.986,unverified,Italy,Video,March 15,8,,,4,1,1,,,,,,,
57,Kind,11:50.8,unverified,Iceland,Video,March 19,4,,,12,2,1,,,1,5:57,,,
58,realbenex,11:51.432,unverified,Germany,Video,February 1,50,,,9,2,2,,,,,,,
59,DanDannyBoy,11:51.659,unverified,Canada,Video,January 9,73,,,4,3,1,,,,,,,
60,chom,11:51.881,unverified,United States,Video,February 21,30,,,1,1,1,,,,,,,
61,raddles,11:52.146,unverified,United States,Video,March 7,16,,,1,1,1,,,,,,,
62,Mixray,11:52.278,accepted,Poland,Video,January 5,77,,,1,1,1,,,,,,,
63,mauvu,11:52.463,accepted,United Kingdom,Video,January 11,71,,,4,1,1,,,,,,,
64,GDTaffel,11:53.977,unverified,Norway,Video,January 26,56,,,4,3,1,,,,,,,
65,iluappi,11:55.867,accepted,Finland,Video,June 23,273,,,3,1,1,,,,,,,
66,retropog,11:57.344,unverified,Australia,Video,February 15,36,,Stats,11,3,1,,,,,,,
67,mmuffe,11:57.466,unverified,Thailand,Video,February 8,43,,,3,1,,,,,,,,
68,emogirl3,11:58.2,accepted,Poland,Video,September 24,180,,,2,1,1,,,,,,,
69,Spropl,11:58.267,accepted,United States,Video,December 14,99,,,11,1,1,,,,,,,
70,Doogile,11:58.,unverified,United States,Video,January 17,65,,,3,2,1,,,,,,,
71,Waluyoshi,11:58.66,unverified,United States,Video,February 5,46,,,2,1,1,,,,,,,
72,veriguturwiso,11:59.35,accepted,Poland,Video,September 18,186,,Stats,9,2,1,,,,,,,
73,Markieboy257,12:01.7,accepted,Netherlands,Video,,,not pb ,,13,2,1,,,,,,,
74,Javierixmon,12:04.348,unverified,Chile,Video,,,not pb ,,6,2,,,,,,,,
75,kielec,12:04.967,accepted,Poland,Video,,,not pb ,,8,2,1,,,,,,,
76,Bellex,12:05.3,unverified,Israel,Video,,,,,2,1,,,,,,,,
77,Hary0tt,12:08.,unverified,England,Video,,,,Stats,4,3,,,,1,,,,
78,batatowisk08,12:09.25,accepted,Brazil,Video,,,,,2,1,,,,,,,,
79,Rickezinho,12:09.75,accepted,Brazil,Video,,,,,1,1,,,,,,,,
80,TwoLetterName,12:09.817,accepted,Australia,Video,,,,,13,3,,,,,,,,
81,pluginL,12:11.733,accepted,China,Video,,,,,21,2,,,,,,,,
82,g4v1ng72,12:12.9,accepted,United States,Video,,,,Stats,3,1,,,,,,,,
83,Ontricus,12:13.017,accepted,United Kingdom,Video,,,,Stats,8,3,,,,,,,,
84,Dylqn,12:13.9,unverified,United States,Video,,,not pb,Stats,23,7,1,,,1,5:46,,,
85,Algorythm,12:14.887,unverified,United States,Video,,,not pb,,14,3,1,,,,,,,
86,lysotroph,12:16.535,unverified,Unspecified,Video,,,,,4,1,,,,,,,,
87,draconix,12:16.95,unverified,New Zealand,Video,,,,,3,1,,,,,,,,
88,ybot76,12:18.35,unverified,Australia,Video,,,,,9,1,,,,,,,,
89,AceRPx,12:19.224,unverified,United States,Video,,,,Stats,9,1,,,,,,,,
90,dinonuggieboi,12:23.3,accepted,Ukraine,Video,,,,,7,1,,,,,,,,
91,samdao,12:24.298,accepted,United States,Video,,,,,4,1,,,,,,,,
92,orachi,12:24.674,accepted,Israel,Video,,,,,7,2,,,,,,,,
93,RmaGod,12:24.794,unverified,South Korea,Video,,,,,4,1,,,,,,,,
94,pants721,12:26.6,unverified,United States,Video,,,,,1,1,,,,,,,,
95,bobik_okg,12:26.72,unverified,Czech Republic,Video,,,,,1,1,,,,,,,,
96,Priffin,12:27.356,unverified,United Kingdom,Video,,,,,1,1,,,,,,,,
97,Pjoes,12:28.149,unverified,Netherlands,Video,,,,Stats,1,1,,,,,8:41,,,
98,TerrellBruh,12:28.675,unverified,England,,,,not pb,,33,7,2,,,,,,,
99,Booster12389,12:28.826,unverified,Brazil,Video,,,,,3,1,,,,,,,,
100,Ax3roth,12:28.968,unverified,Singapore,Video,,,,,3,1,,,,,,,,
101,Boscarvidios,12:29.917,accepted,Spain,Video,,,,,5,2,,,,,,,,
102,eedu,12:30.167,unverified,Finland,Video,,,not pb,,14,3,,,,,7:17,,,
103,AdamVonBadam,12:30.533,accepted,United States,Video,,,,Stats,6,2,,,,,,,,
104,itz_tophinator,12:32.196,accepted,United States,Video,,,,,2,2,,,,,,,,
105,qnkoo,12:32.272,unverified,Russia,Video,,,,,1,1,,,,,,,,
106,_BiBinka,12:34.8,unverified,Czech Republic,Video,,,,,2,1,,,,,,,,
107,Reignex,12:36.033,accepted,United States,Video,,,not pb,Stats,12,2,1,,,7,5:16,,,
108,Azorlea,12:36.658,accepted,United States,Video,,,,,2,1,,,,,,,,
109,MrBenjamln,12:36.967,accepted,United States,Video,,,,,4,1,,,,,6:27,,,
110,MalonMusk,12:38.133,accepted,Poland,Video,,,,,1,1,,,,,,,,
111,Stratum7,12:39.14,unverified,Turkey,Video,,,,,1,1,,,,,,,,
112,Degasaur,12:39.6,accepted,United States,Video,,,,,4,2,,,,,,,,
113,Badas713,12:40.572,accepted,Lithuania,Video,,,,,2,1,,,,,,,,
114,MashedPotatoes21,12:42.03,unverified,United States,Video,,,,,4,1,,,,,,,,
115,Gruttle,12:42.067,accepted,United States,Video,,,,,1,1,,,,,,,,
116,temp_gd,12:42.626,unverified,South Korea,Video,,,,,4,1,,,,,,,,
117,M4xx,12:43.067,accepted,France,Video,,,,,2,1,,,,,,,,
118,MiGor,12:43.33,accepted,Belarus,Video,,,not pb,,10,2,,,,,,,,
119,Jameing_,12:44.198,unverified,United States,Video,,,,,2,1,,,,,,,,
120,ImAProudNerd,12:45.033,unverified,United States,Video,,,,,1,1,,,,,,,,
121,Talon,12:45.536,unverified,New Zealand,,,,,,2,1,,,,,,,,
122,DougThePig,12:45.6,accepted,United Kingdom,Video,,,,,4,1,,,,,,,,
123,SpeedNintendo,12:46.721,unverified,United States,Video,,,,,3,1,,,,,,,,
124,Acilith,12:47.717,accepted,Bulgaria,Video,,,,,5,1,,,,,,,,
125,rdpiil,12:50.543,unverified,Canada,Video,,,,,2,1,,,,,,,,
126,Franzelata,12:51.506,accepted,Bulgaria,Video,,,,,1,1,,,,,,,,
127,PodX12,12:51.695,accepted,Australia,Video,,,,,2,1,,,,,,,,
128,Jay12310,12:52.626,unverified,Canada,Video,,,,Stats,10,1,,,,,6:21,,,
129,angeloruns,12:53.45,accepted,Taiwan,Video,,,not pb,,17,4,,,,,6:26,,,
130,jackuroo,12:54.05,unverified,United States,Video,,,,,1,1,,,,,,,,
131,jdizll,12:55.,accepted,United States,Video,,,,,3,1,,,,,,,,
132,PangoMi,12:55.4,accepted,United States,Video,,,,,1,1,,,,,,,,
133,Parts,12:55.66,unverified,United States,Video,,,,,2,1,,,,,,,,
134,dolqhin,12:56.966,unverified,United States,Video,,,,,1,1,,,,,,,,
135,Tenori,12:57.074,unverified,United States,Video,,,,,2,1,,,,,,,,
136,Haid_,12:58.005,accepted,Russia,Video,,,,Stats,6,1,,,,,6:16,,,
137,MagneticMaybe,12:58.383,accepted,United Kingdom,Video,,,,,2,1,,,,,,,,
138,Orangenox,12:58.753,unverified,Unspecified,Video,,,,,1,1,,,,,,,,
139,Infume,13:01.2,accepted,United States,Video,,,not pb,,3,1,,,,,,,,
140,Dejung,13:00.672,,Thailand,Video,,,,,2,,,,,,,,,
141,Neksezi,13:02.715,accepted,Poland,Video,,,,,2,,,,,,,,,
142,pure9243,13:03.326,,Thailand,Video,,,,,1,,,,,,,,,
143,Frontlip,13:04.788,accepted,Poland,Video,,,,,1,,,,,,,,,
144,_2x_,13:04.996,,China,Video,,,,,1,,,,,,,,,
145,floonf,13:05.302,,Hong Kong,Video,,,,,1,,,,,,,,,
146,jared05,13:05.96,,United States,Video,,,,Stats,6,,,,,1,5:38,,,
147,Maljack,13:07.35,accepted,Australia,Video,,,,,1,,,,,,,,,
148,Danger1451,13:08.05,accepted,United States,Video,,,not pb,,7,1,1,,,,,,,
149,Aspect30,13:08.453,,Indonesia,Video,,,,,1,,,,,,,,,
150,Cisne,13:08.722,,Brazil,Video,,,,,3,,,,,,,,,
151,Etherina,13:10.3,accepted,Argentina,Video,,,,,1,,,,,,,,,
152,MinecrAvenger,13:10.45,accepted,Germany,Video,,,,,4,,,,,,,,,
153,AczZZz,13:10.881,,Sweden,Video,,,,,1,,,,,,,,,
154,Erikfzf,13:11.142,accepted,Australia,Video,,,,,2,,,,,,,,,
155,Granat,13:13,accepted,Poland,Video,,,,,2,,,,,,,,,
156,Redrass,13:13.6,accepted,Canada,Video,,,,,1,,,,,,,,,
157,Kunaxe,13:15.289,accepted,United States,Video,,,,,3,,,,,,,,,
158,Shipoman,13:15.5,accepted,United States,Video,,,not pb,,3,1,,,,,,,,
159,BalleGaming,13:15.554,,Denmark,Video,,,,,1,,,,,,,,,
160,Mishbanya,13:17.35,accepted,Russia,Video,,,,,1,,,,,,,,,
161,oyamelon,13:18.333,accepted,Japan,Video,,,,,2,,,,,,,,,
162,avieuwu,13:18.5,accepted,Russia,Video,,,,Stats,2,,,,,,,,,
163,ChrisXD,13:20.,accepted,Greece,Video,,,,,1,,,,,,,,,
164,_Kap,13:20.07,accepted,United States,Video,,,,,2,,,,,,,,,
165,Qnly_qdm,13:22.094,,Japan,Video,,,,,1,,,,,,,,,
166,LaRuim,13:22.3,accepted,India,Video,,,,,1,,,,,,,,,
167,Hashten,13:22.876,unverified,United States,Video,,,,,1,,,,,,,,,
168,Lum1n,13:22.95,accepted,Philippines,Video,,,,,1,,,,,,,,,
169,Trashuu,13:23.13,accepted,Argentina,Video,,,,,1,,,,,,,,,
170,kirbyzz_m,13:23.301,,United States,Video,,,,,1,,,,,,,,,
171,Xia_Wen,13:23.335,accepted,China,,,,not pb,,3,1,1,,,,,,,
172,Strick_Nine_TV,13:23.634,,Canada,Video,,,,,1,,,,,,,,,
173,ThatsTiger,13:25.542,,Italy,Video,,,,,1,,,,,,,,,
174,PEOJI,13:26.701,,United Kingdom,Video,,,,,3,,,,,,,,,
175,Clementdav,13:27.069,,Indonesia,,,,,,1,,,,,,,,,
176,blackmagic556,13:27.367,accepted,United States,Video,,,,,3,,,,,,,,,
177,WalLaaWeyhh,13:29.5,,Malaysia,Video,,,,,1,,,,,,,,,
178,EmpireKills702,13:30.1,accepted,United States,Video,,,,,1,,,,,,,,,
179,santa12,13:32.,accepted,Argentina,Video,,,,,2,,,,,,,,,
180,Shmalex,13:32.699,,United Kingdom,Video,,,,,1,,,,,,,,,
181,plutko1,13:33.,accepted,Poland,Video,,,,,3,,,,,,,,,
182,Mar1n,13:34.423,,Croatia,Video,,,,,1,,,,,,,,,
183,Teddy311,13:35.65,accepted,United States,Video,,,,,2,,,,,,,,,
184,mushy2,13:35.69,,Canada,Video,,,,,1,,,,,,,,,
185,Renaud,13:35.807,unverified,France,Video,,,,,2,,,,,,,,,
186,fire774,13:36.523,,United States,Video,,,,,1,,,,,,,,,
187,Blyde_,13:36.8,accepted,France,Video,,,,,2,,,,,,,,,
188,Hamazon,13:37.083,accepted,Australia,Video,,,not pb,,2,1,,,,,,,,
189,KelloggsRedBerries,13:37.112,,United States,Video,,,,,2,,,,,,,,,
190,Foxie,13:38.4,accepted,Unspecified,Video,,,,Stats,4,,,,,,,,,
191,thoere,13:38.637,accepted,United States,Video,,,,,2,,,,,,6:11,,,
192,Zylenox,13:39.,accepted,Unspecified,Video,,,not pb,Stats,q,11,6,,,2,5:33,,,
193,Oxidiot,13:41.1,accepted,United States,Video,,,not pb,,3,1,1,,,,,,,
194,Dowsky,13:41.467,accepted,United States,Video,,,,,1,,,,,,,,,
195,Hyban,13:42.078,,United Kingdom,Video,,,,,1,,,,,,,,,
196,plr,13:42.25,accepted,,Video,,,,,2,1,,,,,,,,
197,TheTalkingMime,13:42.95,accepted,United States,Video,,,,Stats,4,,,,,,,,,
198,Cancyr,13:44.617,,Canada,Video,,,,,1,,,,,,,,,
199,NiceTwice,13:44.8,accepted,Germany,Video,,,,,6,,,,,,,,,
200,dominn,13:45.6,,Poland,Video,,,,,1,,,,,,,,,
201,Tegez,13:46.2,accepted,Czech Republic,Video,,,,,1,,,,,,,,,
202,Pooply,13:46.4,accepted,Canada,Video,,,,,1,,,,,,,,,
203,Sp3dward,13:47.4,accepted,Unspecified,Video,,,,Stats,4,,,,,,,,,
204,Cpimtong,13:47.75,accepted,Israel,Video,,,,,1,,,,,,,,,
205,Keima,13:47.839,,Japan,Video,,,,,6,,,,,,,,,
206,Mcraftor,13:48.376,,Poland,Video,,,,,1,,,,,,,,,
207,Prowo,13:49.,,Unspecified,Video,,,,,1,,,,,,,,,
208,FalloutZander,13:49.705,,England,Video,,,,,1,,,,,,,,,
209,currentsight,13:49.83,,Virgin Islands,Video,,,,,1,,,,,,,,,
210,eLcacos,13:49.445,,Paraguay,Video,,,,,2,,,,,,,,,
211,_lleven,13:49.549,,Unspecified,Video,,,,,1,,,,,,,,,
212,megelimc,13:50.2,accepted,Finland,Video,,,not pb,,9,,,,,,7:15,,,
213,captainyahli,13:51.1,accepted,Israel,Video,,,,,1,,,,,,,,,
214,Aquaface,13:51.655,unverified,United States,Video,,,,,1,,,,,,,,,
215,aidannadia,13:52.11,,United States,Video,,,,,2,,,,,,,,,
216,xlourx,13:53.15,accepted,Poland,Video,,,,,1,,,,,,,,,
217,MultiPorl,13:53.3,accepted,Germany,Video,,,,Stats,5,,,,,,,,,
218,Redstqne,13:54.,accepted,United States,Video,,,,,1,,,,,,,,,
219,Bubbawid,13:54.1,accepted,Unspecified,Video,,,not pb,,5,,,,,,,,,
220,EliTheGuy245,13:54.182,,United States,Video,,,,,1,,,,,,,,,
221,sockmonkey747,13:55.069,,Canada,Video,,,,Stats,6,,,,,,,,,
222,NebulaSR,13:55.45,accepted,United Kingdom,Video,,,,,1,,,,,,,,,
223,Haydini,13:56.2,,Canada,Video,,,,,1,,,,,,,,,
224,SNooFL,13:56.55,accepted,United States,Video,,,,Stats,1,,,,,,,,,
225,jojoe77777,13:57.75,accepted,Australia,Video,,,,Stats,1,,,,,,,,,
226,McTurtlz,13:58.,accepted,United States,Video,,,,,1,,,,,,,,,
227,BeefSalad,13:58.597,accepted,United Kingdom,Video,,,,,2,,,,,,,,,
228,petr1234,14:00.05,accepted,Poland,Video,,,,,1,,,,,,,,,
229,Jocurl,14:00.445,,Australia,Video,,,,,1,,,,,,,,,
230,Rayzor,14:01.233,accepted,United States,Video,,,,,1,,,,,,,,,
231,ElRichi,14:01.35,accepted,Chile,Video,,,,,1,,,,,,,,,
232,EleventyBillion,14:01.467,accepted,United States,Video,,,,Stats,1,,,,,,,,,
233,ArenC,14:02.857,,United States,Video,,,,,1,,,,,,,,,
234,Xrrer,14:02.9,accepted,Germany,Video,,,not pb ,,10,,,,,,,,,
235,DoyPingu,14:03.3,accepted,United States,Video,,,not pb ,,2,,,,,,,,,
236,zhaoo,14:03.8,accepted,United States,Video,,,,,1,,,,,,,,,
237,Mikeelager,14:04.45,accepted,Poland,Video,,,,,3,,,,,,,,,
238,ezraoctopus,14:05.264,,United States,Video,,,,,3,,,,,,,,,
239,OhHacks,14:05.275,,Latvia,Video,,,,,1,,,,,,,,,
240,noodlemanhours,14:06.15,accepted,United States,Video,,,not pb,Stats,3,2,,,,,,,,
241,Quartixru,14:06.491,accepted,Russia,Video,,,,,2,,,,,,,,,
242,boltdan,14:07.25,accepted,United Kingdom,Video,,,,,1,,,,,,,,,
243,LaMorra,14:07.442,,Italy,Video,,,,,1,,,,,,,,,
244,WolvesHateSourCream,14:07.566,,United States,Video,,,,,1,,,,,,,,,
245,G1bnick,14:07.567,accepted,United Kingdom,Video,,,,,1,,,,,,,,,
246,look_,14:07.608,accepted,Ireland,Video,,,,Stats,3,,,,,,,,,
247,Silentmotorboat,14:07.833,accepted,United States,Video,,,,,1,,,,,,,,,
248,botmet,14:08.55,accepted,Israel,Video,,,,,2,,,,,,,,,
249,synapsolus,14:08.733,accepted,Germany,Video,,,,,2,,,,,,,,,
250,Dratinia,14:09.,accepted,India,Video,,,,,1,,,,,,,,,
251,Al3xanDE_15,14:09.05,accepted,Brazil,Video,,,,,1,,,,,,,,,
252,CredAhead,14:09.35,accepted,Norway,Video,,,,,1,,,,,,,,,
253,Parrins,14:09.5,accepted,Italy,Video,,,,,1,,,,,,,,,
254,SeleniumEclipse,14:10.945,,United States,Video,,,,,1,,,,,,,,,
255,Haama,14:10.984,,Norway,Video,,,,,1,,,,,,,,,
256,mollyyxy,14:12.8,accepted,Norway,Video,,,not pb,,3,,,,,,,,,
257,Dqn1el,14:13.789,,,Video,,,,,1,,,,,,,,,
258,MaybeJade,14:14.95,,Vietnam,Video,,,,,1,,,,,,,,,
259,Naitsirk,14:15.,accepted,United States,Video,,,,,2,,,,,,,,,
260,Dav1e,14:16.717,accepted,United States,Video,,,not pb,Stats,3,,,,,,,,,
261,borealis15,14:17.05,accepted,Unspecified,Video,,,,,1,,,,,,,,,
262,jefspaceman,14:18.5,accepted,India,Video,,,,,1,,,,,,,,,
263,Braixen,14:18.509,accepted,United States,Video,,,,,1,,,,,,,,,
264,Arental,14:18.55,accepted,Bulgaria,Video,,,,,1,,,,,,,,,
265,Galactic68,14:18.59,,Untied States,Video,,,,,1,,,,,,,,,
266,jamyreaf_,14:19.065,,United States,Video,,,,,2,,,,,,7:45,,,
267,Xot1c,14:19.75,accepted,United States,Video,,,not pb,Stats,5,,,,,,,,,
268,lore1616,14:21.15,accepted,Italy,Video,,,,,1,,,,,,,,,
269,SammyMC,14:21.3,accepted,United States,Video,,,,,1,,,,,,,,,
270,Tookann,14:21.4,accepted,Canada,Video,,,not pb,Stats,14,3,1,,,,,,,
271,Z3em,14:21.551,,Saudi Arabia,Video,,,,,1,,,,,,,,,
272,chromos,14:21.652,,Italy,Video,,,,,1,,,,,,,,,
273,_ziu,14:22.158,,Poland,Video,,,,,1,,,,,,,,,
274,EEt_mEEt,14:22.838,,Australia,Video,,,,,1,,,,,,,,,
275,MatiasDimension,14:22.9,accepted,Peru,Video,,,,,1,,,,,,,,,
276,ClickBaitGodz,14:23.55,accepted,United States,Video,,,,,1,,,,,,,,,
277,dexterr,14:24.212,,Czech Republic,Video,,,,,2,,,,,,,,,
278,Danningz,14:24.519,,Czech Republic,Video,,,,,1,,,,,,,,,
279,mikeyboytv,14:26.597,accepted,Canada,Video,,,,,1,,,,,,,,,
280,VDPineapple,14:27.297,,United Kingdom,Video,,,,,1,,,,,,,,,
281,mrkrabs,14:27.5,accepted,Australia,Video,,,not pb,,11,1,,,,,6:25,,,
282,Shell_Guy,14:28.,accepted,Canada,Video,,,,,1,,,,,,,,,
283,Moerino,14:28.1,accepted,Taiwan,Video,,,,,1,,,,,,,,,
284,Ohara,14:28.393,,Sweden,Video,,,,,1,,,,,,,,,
285,Jakers_42,14:30.1,accepted,United States,Video,,,,,1,,,,,,,,,
286,Fluhhe,14:30.4,accepted,Lithuania,Video,,,not pb,,10,,,,,,,,,
287,zidouri,14:30.85,accepted,South Korea,Video,,,,,1,,,,,,,,,
288,Dr_Joke_,14:33.,accepted,United Kingdom,Video,,,,,1,,,,,,,,,
289,turboOuO,14:33.225,,Taiwan,Video,,,,,1,,,,,,,,,
290,ZacKHD,14:33.3,accepted,,Video,,,,,1,,,,,,,,,
291,3sv4,14:33.65,accepted,Russia,Video,,,,Stats,2,,,,,,,,,
292,Fevenir,14:34.114,,India,Video,,,,,2,,,,,,,,,
293,tssal,14:34.476,accepted,United States,Video,,,,Stats,1,,,,,,,,,
294,Steamed_Bun1,14:34.6,,,Video,,,,,1,,,,,,,,,
295,Prisminic,14:34.619,accepted,United States,Video,,,,,1,,,,,,,,,
296,kW1st,14:34.673,,Russia,Video,,,,,1,,,,,,,,,
297,Eficz,14:34.88,,United Kingdom,Video,,,,Stats,1,,,,,,,,,
298,Decavex,14:36.35,accepted,United States,Video,,,,,1,,,,,,,,,
299,Nymsan,14:36.35,accepted,Denmark,Video,,,,,1,,,,,,,,,
300,Oskar33,14:36.95,accepted,Poland,Video,,,,,1,,,,,,,,,
301,syurtip,14:37.643,,Indonesia,Video,,,,,1,,,,,,,,,
302,LoHobbit0,14:37.65,,Italy,Video,,,,,1,,,,,,,,,
303,PMDkat,14:38.67,,Australia,Video,,,,,1,,,,,,,,,
304,Criticalnstinct,14:38.795,,United States,Video,,,,,1,,,,,,,,,
305,bodiDogg,14:38.95,accepted,Poland,Video,,,,,1,,,,,,,,,
306,Tenes9999,14:39.873,accepted,China,,,,,,1,,,,,,,,,
307,bendoeslive,14:39.9,accepted,United Kingdom,,,,,,1,,,,,,,,,
308,Japonk86,14:40.15,accepted,Poland,Video,,,,,1,,,,,,,,,
309,Renitky,14:40.35,accepted,Turkey,Video,,,,,1,,,,,,,,,
310,LucPerecOgurec,14:40.642,,Russia,Video,,,,,1,,,,,,,,,
311,SammyG,14:41.166,,Australia,Video,,,,,1,,,,,,,,,
312,speedycube64,14:41.933,accepted,United States,Video,,,,,1,,,,,,,,,
313,chom,14:42.734,,United States,Video,,,,,1,,,,,,,,,
314,aduux,14:42.8,accepted,Poland,Video,,,,,1,,,,,,,,,
315,Banglify,14:43.203,,Austria,Video,,,,,1,,,,,,,,,
316,Otakews,14:43.354,,Sweden,Video,,,,,1,,,,,,,,,
317,Kajodenn,14:43.6,accepted,United States,Video,,,,,1,,,,,,,,,
318,queenkac,14:43.75,accepted,United States,Video,,,,,3,,,,,,,,,
319,v_strid,14:43.878,,Sweden,Video,,,,,1,,,,,,,,,
320,tsuru,14:46.2,accepted,United States,Video,,,,,2,,,,,,,,,
321,emia,14:46.55,accepted,France,Video,,,,,1,,,,,,,,,
322,coolguysaul,14:46.786,,United States,Video,,,,,1,,,,,,,,,
323,Frostbvrn,14:47.467,,Canada,Video,,,,,1,,,,,,,,,
324,NotAnEzRandy,14:47.473,,Canada,Video,,,,,1,,,,,,,,,
325,magiccards,14:47.491,,Germany,Video,,,,,1,,,,,,,,,
326,Lathil,14:47.771,accepted,Finland,Video,,,,,1,,,,,,,,,
327,Hinart,14:49.961,accepted,Ukraine,Video,,,,Stats,1,,,,,,,,,
328,curl,14:49.981,,United States,Video,,,not pb,,2,,,,,,,,,
329,Only_,14:50.3,accepted,Brazil,,,,,,3,,,,,,,,,
330,DanTheChocFan,14:50.95,accepted,Unspecified,Video,,,,,1,,,,,,,,,
331,Psemcovici,14:51.494,,Brazil,Video,,,not pb,,3,,,,,,,,,
332,simbala,14:51.867,accepted,Unspecified,Video,,,,,1,,,,,,,,,
333,LordVadercraft,14:51.951,accepted,United States,Video,,,,,1,,,,,,,,,
334,ilyxus,14:52.097,,Russia,Video,,,,,2,,,,,,,,,
335,Firework,14:52.4,accepted,Norway,Video,,,not pb,,2,,,,,,,,,
336,Horsey,14:52.7,accepted,United States,Video,,,not pb,,9,5,,,,1,5:43,,,
337,DesktopFolder,14:52.855,,Canada,Video,,,,,1,,,,,,,,,
338,nebrula,14:53.652,,Canada,Video,,,,,1,,,,,,,,,
339,Gianni135,14:54.378,accepted,Italy,Video,,,not pb,,2,1,1,,,1,5:33,,,
340,Fyroah,14:54.933,accepted,Canada,Video,,,not pb,Stats,2,,,,,,,,,
341,Fulham,14:56.45,accepted,United Kingdom,Video,,,not pb,Stats,3,,,,,,,,,
342,ElaMeTrataDif,14:56.622,,Brazil,Video,,,,,1,,,,,,,,,
343,ninjaTaoTao,14:57.25,accepted,China,Video,,,,,1,,,,,,,,,
344,felipinhu,14:57.4,accepted,Brazil,Video,,,,Stats,1,,,,,,,,,
345,Korbanoes,14:56.8,accepted,United States,Video,,,not pb,,2,,,,,,,,,
346,Rekagan,14:57,accepted,United States,Video,,,,,1,,,,,,,,,
347,Un_Mexican0,14:58.15,accepted,Mexico,Video,,,,,1,,,,,,,,,
348,Moon82,14:59.272,accepted,Unspecified,Video,,,,,1,,,,,,,,,
349,Trizek,14:59.458,,United States,Video,,,,,1,,,,,,,,,
350,leonaril,14:59.855,,United States,Video,,,,,1,,,,,,,,,
351,KeyBoardAbuser,14:59.9,accepted,United Kingdom,Video,,,,,1,,,,,,,,,
352,s0709,15:01.948,,United States,,,,,,,,,,,,,,,
353,yoziomek,15:02.05,accepted,Poland,,,,,,,,,,,,,,,
354,RealPosho,15:03.25,accepted,Uruguay,,,,,,,,,,,,,,,
355,r4ymond,15:03.8,accepted,United States,,,,,,,,,,,,,,,
356,sl1dr,15:04.1,accepted,United States,,,,,,,,,,,,,,,
357,PapercutToast,15:04.424,,United States,,,,,,,,,,,,,,,
358,TerrorLS,15:05.197,,South Africa,,,,,,,,,,,,,,,
359,aaronjac69,15:05.2,accepted,United States,,,,,,,,,,,,,,,
360,Malio27,15:05.2,accepted,Canada,,,,,,,,,,,,,,,
361,Pikma,15:05.702,,Chile,,,,,,,,,,,,,,,
362,ulsahin,15:06.4,accepted,Turkey,,,,,,,,,,,,,,,
363,Chicken_Croissant,15:06.72,,United States,,,,,,,,,,,,,,,
364,bendy_,15:06.75,accepted,United States,,,,,,,,,,,,,,,
365,D4rrels,15:07.505,,United States,,,,,,,,,,,,,,,
366,Dimeax,15:07.85,accepted,Russia,,,,not pb,,4,,,,,,,,,
367,KenanKardes,15:07.924,,Turkey,,,,,,,,,,,,,,,
368,morni12,15:08.743,,Sweden,,,,,Stats,,,,,,,,,,
369,Antuu,15:10.,accepted,Argentina,,,,not pb,,2,1,,,,,,,,
370,ColeTM,15:10.13,accepted,United States,,,,,,,,,,,,,,,
371,Williamper,15:11.35,accepted,Romania,,,,,,,,,,,,,,,
372,furatudo,15:11.738,accepted,Portugal,,,,,,,,,,,,,,,
373,Bloon,15:11.791,,United States,,,,,,,,,,,,,,,
374,GlueeByBladee,15:12.6,accepted,,,,,,,,,,,,,,,,
375,eml1,15:13.021,,Sweden,,,,,,,,,,,,,,,
376,JebFromGameHouse,15:14.383,accepted,Sweden,,,,,,,,,,,,,,,
377,Toph033,15:14.95,accepted,United States,,,,,,,,,,,,,,,
378,Lythium,15:15.215,,Spain,,,,,,,,,,,,,,,
379,Jayy,15:15.4,accepted,Unspecified,,,,not pb,,1,,,,,,,,,
380,MaxiM974,15:15.412,,France,,,,,,,,,,,,,,,
381,PIZU,15:16.061,,United States,,,,,,,,,,,,,,,
382,brina32,15:16.538,,Taiwan,,,,,,,,,,,,,,,
383,krokanjer,15:16.6,accepted,Netherlands,,,,,,,,,,,,,,,
384,minigadge,15:17.649,,United Kingdom,,,,,,,,,,,,,,,
385,dwoh,15:19.983,accepted,South Korea,,,,,,,,,,,,,,,
386,drhimmer,15:20.094,,United States,,,,,,,,,,,,,,,
387,k ,15:20.45,accepted,Ireland,,,,,Stats,,,,,,,,,,
388,Jacbeasty,15:20.655,,Sweden,,,,,,,,,,,,,,,
389,6Soup,15:20.913,,South Korea,,,,,,,,,,,,,,,
390,valen_tino520,15:21.407,,Argentina,,,,,,,,,,,,,,,
391,v4len,15:21.696,,Argentina,,,,not pb,,1,,,,,,,,,
392,McClout,15:22.8,accepted,,,,,,,,,,,,,,,,
393,klydezzz,15:22.9,accepted,Kazakhstan,,,,,,,,,,,,,,,
394,Baron_2333,15:23.,,China,,,,,,,,,,,,,,,
395,silverrruns,15:23.223,accepted,United States,,,,not pb,,,,,,,2,5:26,,,
396,kazoklp,15:23.5,accepted,Poland,,,,not pb,,1,1,,,,,,,,
397,CounterSS,15:27.05,accepted,Turkey,,,,,,,,,,,,,,,
398,brahmaquente,15:27.295,,Brazil,,,,,,,,,,,,,,,
399,Muhammad_Sban,15:27.35,accepted,United States,,,,,,,,,,,,,,,
400,dangermini,15:27.534,,Turkey,,,,,,,,,,,,,,,
401,cheeseandpie,15:27.7,accepted,United States,,,,,,,,,,,,,,,
402,Baudox,15:28.6,accepted,United States,,,,,,,,,,,,,,,
403,DeluxionP,15:28.826,,Singapore,,,,,,,,,,,,,,,
404,BodoAmat,15:30.7,accepted,Indonesia,,,,,,,,,,,,,,,
405,PebbleGaming,15:31.5,accepted,United States,,,,,,,,,,,,,,,
406,realPaoloRollo,15:32.102,,United States,,,,,,,,,,,,,,,
407,Uprush,15:32.25,accepted,Sweden,,,,,Stats,,,,,,,,,,
408,HDTV53,15:33.,accepted,United States,,,,,,,,,,,,,,,
409,kokaku7,15:33.1,accepted,Japan,,,,,,,,,,,,,,,
410,Slackow,15:34.258,accepted,United States,,,,,,,,,,,,,,,
411,FooN_,15:35.65,accepted,United States,,,,not pb,Stats,2,1,,,,,,,,
412,Vondraker,15:35.82,accepted,Argentina,,,,,,,,,,,,,,,
413,fxre,15:35.95,accepted,France,,,,,Stats,,,,,,,,,,
414,skipiano,15:36.3,accepted,Canada,,,,,Stats,,,,,,,,,,
415,Thannus,15:37.25,accepted,United States,,,,,,,,,,,,,,,
416,Despacito696969,15:38.555,,Unspecified,,,,,,,,,,,,,,,
417,R3nR,15:38.59,,Indonesia,,,,,,,,,,,,,,,
418,Blazing_Shade,15:39.98,accepted,United States,,,,,,,,,,,,,,,
419,overcomplexifii,15:39.15,accepted,Australia,,,,,,,,,,,,,,,
420,thebuggy9000,15:40.614,,United Kingdom,,,,,,,,,,,,,,,
421,crink_1337,15:40.788,,Ukraine,,,,,Stats,,,,,,,,,,
422,hectorisnice,15:40.8,accepted,Mexico,,,,,,,,,,,,,,,
423,DanHasArrived,15:42.6,accepted,Spain,,,,,,,,,,,,,,,
424,Stevie7,15:42.75,accepted,Canada,,,,,,,,,,,,,,,
425,tomaron13,15:43.,accepted,Poland,,,,not pb,,1,,,,,,,,,
426,pncakespoon,15:43.,accepted,United States,,,,,,,,,,,,,,,
427,kohout135,15:43.702,,Czech Republic,,,,,,,,,,,,,,,
428,PeteZahHutt,15:44.15,accepted,United States,,,,,,,,,,,,,,,
429,KarateBaby,15:44.299,,Unspecified,,,,,,,,,,,,,,,
430,justcater,15:45.024,accepted,,,,,,,,,,,,,,,,
431,GakkGakk,15:48.001,,Norway,,,,,,,,,,,,,,,
432,Funderful,15:48.1,accepted,Canada,,,,,,,,,,,,,,,
433,gamer_nl,15:48.1,accepted,Netherlands,,,,,,,,,,,,,,,
434,Imeanhi_,15:48.491,,Australia,,,,,,,,,,,,,,,
435,LukeWarm,15:48.85,accepted,Canada,,,,,,,,,,,,,,,
436,jimmy50908,15:49.,accepted,New Zealand,,,,,,,,,,,,,,,
437,nitsujustin,15:49.013,,Hong Kong,,,,,,,,,,,,,,,
438,Zodi,15:49.112,,Sweden,,,,,,,,,,,,,,,
439,yossy_.,15:49.382,,Japan,,,,,,,,,,,,,,,
440,Thijmen,15:50.65,accepted,Netherlands,,,,,,,,,,,,,,,
441,Jakwicc,15:51.337,,United States,,,,,,,,,,,,,,,
442,LouieEj,15:51.754,,United Kingdom,,,,,,,,,,,,,,,
443,marvrunz,15:53.4,accepted,,,,,,,,,,,,,,,,
444,I_Martin_I,15:55.,accepted,Austria,,,,,,,,,,,,,,,
445,Wiser_h,15:57.279,,China,,,,,,,,,,,,,,,
446,Thananiel_,15:58.,accepted,United Kingdom,,,,,,,,,,,,,,,
447,XtraCheezBurger,15:58.635,,Canada,,,,,,,,,,,,,,,
448,Dawidluna,15:59.35,accepted,Poland,,,,,,,,,,,,,,,
449,ItzToxic,15:59.5,accepted,United Kingdom,,,,,,,,,,,,,,,
450,VLantoyMC,16:00.077,,Vietnam,,,,,,,,,,,,,,,
451,Xerionix,16:00.531,,Canada,,,,,,,,,,,,,,,
452,energy980,16:01.033,,United States,,,,,,,,,,,,,,,
453,mrhalf,16:01.25,accepted,Norway,,,,,Stats,,,,,,,,,,
454,VilleOlof,16:01.503,accepted,Sweden,,,,,,,,,,,,,,,
455,triple6kono,16:01.99,accepted,Russia,,,,,,,,,,,,,,,
456,SpectroPlayer,16:02.069,accepted,Brazil,,,,,,,,,,,,,,,
457,yellowbed,16:02.,accepted,United States,,,,,,,,,,,,,,,
458,Scar,16:04.05,accepted,United States,,,,,,,,,,,,,,,
459,BooleanC5,16:04.6,accepted,United States,,,,,,,,,,,,,,,
460,AMBERLOVESARCHIE,16:05.,accepted,United States,,,,,,,,,,,,,,,
461,dam1r,16:05.026,,Russia,,,,,,,,,,,,,,,
462,jinx3dd,16:05.25,accepted,Russia,,,,,,,,,,,,,,,
463,PresidentPoundcake,16:05.67,,United States,,,,,,,,,,,,,,,
464,MrxMerkz,16:05.819,accepted,England,,,,,,,,,,,,,,,
465,yakub3,16:05.831,,United States,,,,,,,,,,,,,,,
466,iaxi,16:06.,accepted,Israel,,,,,,,,,,,,,,,
467,Mattmurpz,16:06.7,,United States,,,,,,,,,,,,,,,
468,SmithGaming,16:07.,accepted,United States,,,,,,,,,,,,,,,
469,Finnitzki,16:07.555,,Germany,,,,,,,,,,,,,,,
470,McGluten,16:08.095,,Canada,,,,,,,,,,,,,,,
471,computerkid17,16:08.45,accepted,United States,,,,,,,,,,,,,,,
472,lackingtoast,16:09.,accepted,United States,,,,,,,,,,,,,,,
473,1stNoki,16:09.954,,Unspecified,,,,,,,,,,,,,,,
474,xCashew,16:10.1,accepted,United States,,,,,Stats,,,,,,,,,,
475,Chreymd,16:10.755,,Germany,,,,,,,,,,,,,,,
476,Caleb777,16:11.11,accepted,Ecuador,,,,,,,,,,,,,,,
477,aiiii239,16:11.21,,Hong Kong,,,,,,,,,,,,,,,
478,Emmy,16:11.9,accepted,United Kingdom,,,,not pb,Stats,7,2,1,,,,,,,
479,nebulask1es,16:11.9,accepted,Australia,,,,,,,,,,,,,,,
480,AirCan2,16:12.138,,Canada,,,,,,,,,,,,,,,
481,ethwit,16:12.25,accepted,United States,,,,,Stats,,,,,,,,,,
482,koen,16:13.5,accepted,Norway,,,,,,,,,,,,,,,
483,Difont_,16:14.447,,Czech Republic,,,,,,,,,,,,,,,
484,Plyers8,16:14.852,accepted,United States,,,,,,,,,,,,,,,
485,lhkruns,16:15.205,,Japan,,,,,,,,,,,,,,,
486,Sceptileeeee,16:15.917,,United States,,,,,,,,,,,,,,,
487,Wazza,16:16.41,,United Kingdom,,,,,,,,,,,,,,,
488,KEYL000,16:16.65,accepted,Poland,,,,not pb,,,,,,,,,,,
489,baragona,16:16.8,accepted,United States,,,,,,,,,,,,,,,
490,Vadikus007,16:18.,accepted,Russia,,,,,,,,,,,,,,,
491,Finanzen,16:18.55,accepted,,,,,,,,,,,,,,,,
492,Sammy_JP,16:19.45,accepted,United States,,,,,,,,,,,,,,,
493,Aachernar,16:19.496,,United States,,,,,,,,,,,,,,,
494,JacobArvizu,16:20.319,,United States,,,,,,,,,,,,,,,
495,PDMkat,16:20.35,,Australia,,,,,,,,,,,,,,,
496,iMinty,16:20.44,,United States,,,,,,,,,,,,,,,
497,LordWeasel,16:21.,accepted,United States,,,,,,,,,,,,,,,
498,Thriive_,16:21.2,accepted,Australia,,,,,,,,,,,,,,,
499,Danny15,16:22.82,,United States,,,,,,,,,,,,,,,
500,Luco,16:23.,accepted,United States,,,,,,,,,,,,,,,
501,Kuzeyli,16:24.,accepted,Turkey,,,,,,,,,,,,,,,
502,GoodGuyEz,16:24.15,accepted,United States,,,,,,,,,,,,,,,
503,Jim4123,16:25.45,accepted,United States,,,,,,,,,,,,,,,
504,venitroll,16:27.,accepted,Austria,,,,,,,,,,,,,,,
505,lulziggy,16:27.,accepted,Australia,,,,,,,,,,,,,,,
506,Davis11,16:27.746,,Germany,,,,,,,,,,,,,,,
507,eyespybaam,16:28.463,,Iran,,,,,,,,,,,,,,,
508,knawk,16:29.153,,United States,,,,,,,,,,,,,,,
509,SkyroVenom,16:29.235,,Ireland,,,,,,,,,,,,,,,
510,Champion0407,16:30.57,accepted,United States,,,,,,,,,,,,,,,
511,Morek,16:32.,accepted,Czech Republic,,,,,,,,,,,,,,,
512,Doogilie,16:32.,accepted,United States,,,,,,,,,,,,,,,
513,HanDerIsak,16:32.45,accepted,Norway,,,,,,,,,,,,,,,
514,Buration,16:32.65,accepted,Latvia,,,,,,,,,,,,,,,
515,ItsNumber,16:32.95,accepted,United States,,,,,,,,,,,,,,,
516,monion10,16:33.,accepted,Japan,,,,,,,,,,,,,,,
517,Chetoos23,16:33.095,accepted,United Arab Emirates,,,,,,,,,,,,,,,
518,itsdxrk,16:33.15,accepted,United Kingdom,,,,,Stats,,,,,,,,,,
519,Clementdav,16:33.839,accepted,Indonesia,,,,,,,,,,,,,,,
520,PoisonUnderscore,16:35.55,accepted,United States,,,,,,,,,,,,,,,
521,pixfumy,16:35.85,accepted,Canada,,,,,,,,,,,,,,,
522,Jakoo,16:35.98,,Philippines,,,,,,,,,,,,,,,
523,ImpulseFun,16:36.5,accepted,United States,,,,,,,,,,,,,,,
524,Eliborate,16:37.15,accepted,United States,,,,,,,,,,,,,,,
525,nerdi,16:37.317,accepted,United States,,,,not pb,,,,,,,,,,,
526,rickyreapers,16:37.4,accepted,United States,,,,,,,,,,,,,,,
527,Junee,16:38.348,,India,,,,,,,,,,,,,,,
528,Redmaddic,16:38.9,accepted,Netherlands,,,,,,,,,,,,,,,
529,SkyqPL,16:38.91,,Poland,,,,,,,,,,,,,,,
530,Jazza_13,16:39.6,accepted,Australia,,,,,,,,,,,,,,,
531,Barthalomew2,16:39.896,,United States,,,,,,,,,,,,,,,
532,Ant3k,16:40.05,accepted,Poland,,,,,,,,,,,,,,,
533,SmileWasNotHere,16:40.1,,Iran,,,,,,,,,,,,,,,
534,Vekzys,16:40.365,,United States,,,,,,,,,,,,,,,
535,SplatmanWasTaken,16:40.6,accepted,England,,,,,,,,,,,,,,,
536,futdiodo5,16:40.959,,Brazil,,,,,,,,,,,,,,,
537,pootybooty,16:41.05,accepted,Canada,,,,not pb,,,,,,,,,,,
538,AwaDeFructus,16:41.45,accepted,Venezuela,,,,,,,,,,,,,,,
539,NoobNotReal,16:41.628,,Lithuania,,,,,,,,,,,,,,,
540,Chaosflo44,16:42.214,accepted,Austria,,,,,,,,,,,,,,,
541,Oscar31,16:42.3,accepted,Canada,,,,not pb,,1,,,,,,,,,
542,acclaimedTV,16:42.95,accepted,United States,,,,,,,,,,,,,,,
543,oilboilo,16:43.25,accepted,United States,,,,,Stats,,,,,,,,,,
544,WednesdayRunner,16:45.108,accepted,Russia,,,,,,,,,,,,,,,
545,NamelyNici,16:45.8,accepted,Germany,,,,,,,,,,,,,,,
546,Shdodude,16:47.2,accepted,United States,,,,,,,,,,,,,,,
547,leezaard,16:47.25,accepted,United States,,,,,,,,,,,,,,,
548,Dani_,16:47.5,accepted,Norway,,,,,,,,,,,,,,,
549,WWWaffles458,16:47.8,accepted,United States,,,,,,,,,,,,,,,
550,XKon23,16:47.855,unverified,United States,,,,,,,,,,,,,,,
551,aleen,16:47.879,accepted,Russia,,,,,,,,,,,,,,,
552,shortyxd,16:47.9,accepted,Russia,,,,,,,,,,,,,,,
553,xArek_X,16:48.048,accepted,Poland,,,,,,,,,,,,,,,
554,Dart,16:48.484,accepted,United States,,,,,Stats,,,,,,,,,,
555,ningkaiyang,16:49.65,accepted,United States,,,,,,,,,,,,,,,
556,Hayley,16:49.674,,Scotland,,,,,,,,,,,,,,,
557,spice,16:50.,accepted,Canada,,,,,,,,,,,,,,,
558,Smksbest,16:50.224,,Malaysia,,,,,,,,,,,,,,,
559,Greetings_1,16:50.279,,Sweden,,,,,,,,,,,,,,,
560,Duey,16:50.334,,Canada,,,,,,,,,,,,,,,
561,P1xelPls,16:50.4,accepted,Unspecified,,,,,,,,,,,,,,,
562,Zayahh,16:50.983,accepted,Poland,,,,,,,,,,,,,,,
563,Bertschoo,16:51.,accepted,Switzerland,,,,,,,,,,,,,,,
564,squidy,16:53.35,accepted,Romania,,,,,,,,,,,,,,,
565,yohanss,16:56.15,accepted,Canada,,,,,,,,,,,,,,,
566,SuperC,16:57.55,accepted,Australia,,,,,,,,,,,,,,,
567,Calamity427,16:57.6,accepted,United States,,,,,,,,,,,,,,,
568,ky_xiaotian,16:58.499,,Switzerland,,,,,,,,,,,,,,,
569,Krypticphox,16:58.65,accepted,Canada,,,,,,,,,,,,,,,
570,Spitfire57,16:59.8,accepted,Saudi Arabia,,,,,,,,,,,,,,,
571,Tateiki38,17:00.5,,Japan,,,,,,,,,,,,,,,
572,VEP33,17:01.35,accepted,China,,,,,,,,,,,,,,,
573,SLTRR,17:01.75,accepted,Singapore,,,,,Stats,,,,,,,,,,
574,Shushan,17:01.8,accepted,Israel,,,,,,,,,,,,,,,
575,IsaacLewisS,17:03.,accepted,United Kingdom,,,,,,,,,,,,,,,
576,matthoot,17:03.45,accepted,United States,,,,,,,,,,,,,,,
577,MichalKaylan,17:04.15,accepted,Poland,,,,,,,,,,,,,,,
578,NEslacks,17:04.85,accepted,Unspecified,,,,,,,,,,,,,,,
579,Seaa,17:05.063,,Germany,,,,,,,,,,,,,,,
580,dappers,17:05.2,accepted,Canada,,,,,,,,,,,,,,,
581,acembu,17:05.55,accepted,United States,,,,,,,,,,,,,,,
582,rawinput,17:05.65,accepted,United States,,,,,,,,,,,,,,,
583,moonlimes,17:06.85,,United States,,,,,,,,,,,,,,,
584,Four,17:06.,accepted,United States,,,,,,,,,,,,,,,
585,wabbitblaster,17:06.06,accepted,Canada,,,,,,,,,,,,,,,
586,doufun11,17:06.55,accepted,Czech Republic,,,,,,,,,,,,,,,
587,ebicgamer,17:07.45,accepted,United States,,,,,Stats,,,,,,,,,,
588,rookeri,17:07.75,accepted,Finland,,,,,,,,,,,,,,,
589,RaisinBranden,17:08.15,accepted,United States,,,,,,,,,,,,,,,
590,sergietesan,17:09.75,accepted,Spain,,,,,,,,,,,,,,,
591,erke,17:10.15,accepted,Russia,,,,,,,,,,,,,,,
592,lottsy,17:11.237,,Russia,,,,,,,,,,,,,,,
593,connorjayr,17:11.4,accepted,United States,,,,,,,,,,,,,,,
594,coosh02,17:11.6,accepted,United States,,,,,,,,,,,,,,,
595,C3Z4R1337,17:12.45,accepted,Poland,,,,not pb,,,,,,,,,,,
596,SeeKyoo,17:13.9,accepted,Singapore,,,,,,,,,,,,,,,
597,RaeveZ,17:13.9,,Colombia,,,,,,,,,,,,,,,
598,Ponchow,17:14.948,,Australia,,,,,,,,,,,,,,,
599,2KBlockBlind,17:15.75,accepted,United States,,,,not pb,,2,1,,,,,,,,
600,Leonn,17:15.988,,United Kingdom,,,,,,,,,,,,,,,
601,Alxei,17:16.4,accepted,Russia,,,,,,,,,,,,,,,
602,Makattak1,17:16.45,accepted,United States,,,,not pb,Stats,,,,,,,6:12,,,
603,temet,17:16.5,accepted,United States,,,,,,,,,,,,,,,
604,Pastapalads,17:17.,accepted,Denmark,,,,,,,,,,,,,,,
605,Antoine,17:17.,accepted,France,,,,,,,,,,,,,,,
606,Kruin,17:17.45,accepted,Unspecified,,,,not pb,,2,2,,,,,,,,
607,G_2_,17:17.6,,South Korea,,,,,,,,,,,,,,,
608,hadas_2115,17:18.1,accepted,Poland,,,,,,,,,,,,,,,
609,Marlin,17:19.05,accepted,Germany,,,,,,,,,,,,,,,
610,unseaal,17:19.618,,Chile,,,,,,,,,,,,,,,
611,Carmelek,17:20.,accepted,Poland,,,,,,,,,,,,,,,
612,Monkee26,17:20.006,,Hungary,,,,,,,,,,,,,,,
613,Awyswys,17:20.232,,France,,,,,,,,,,,,,,,
614,Nalei,17:21.083,accepted,United States,,,,,,,,,,,,,,,
615,NotAntoo_,17:21.922,,Italy,,,,,,,,,,,,,,,
616,towdan,17:22.,accepted,Australia,,,,,,,,,,,,,,,
617,Amennnn,17:22.025,,Vietnam,,,,,,,,,,,,,,,
618,Galacticafro,17:22.32,accepted,Germany,,,,,,,,,,,,,,,
619,ypno_ny,17:22.849,accepted,Japan,,,,,,,,,,,,,,,
620,Dc210,17:23.4,accepted,United States,,,,,,,,,,,,,,,
621,PIZO,17:23.66,accepted,United States,,,,,,,,,,,,,,,
622,Colooguy,17:23.85,accepted,Latvia,,,,,,,,,,,,,,,
623,Shogurt,17:24.,accepted,Unspecified,,,,,,,,,,,,,,,
624,pponi,17:24.2,accepted,Unspecified,,,,,,,,,,,,,,,
625,The_Goobanator,17:24.2,accepted,Canada,,,,,,,,,,,,,,,
626,fingeon27,17:24.4,accepted,United States,,,,,,,,,,,,,,,
627,zero3k,17:24.65,accepted,Unspecified,,,,,,,,,,,,,,,
628,connoireeee,17:25.55,accepted,Australia,,,,,,,,,,,,,,,
629,DefaultBTW,17:25.833,accepted,Netherlands,,,,,,,,,,,,,,,
630,Kewpr,17:26.5,accepted,United States,,,,,,,,,,,,,,,
631,Meowfasa,17:26.864,,South Africa,,,,,,,,,,,,,,,
632,pixent,17:27.15,accepted,Canada,,,,,,,,,,,,,,,
633,Skumr1ng,17:27.217,,China,,,,,,,,,,,,,,,
634,Odogster,17:27.615,,United States,,,,,,,,,,,,,,,
635,minaxa,17:27.95,accepted,United States,,,,,,,,,,,,,,,
636,Awwesomee,17:28.,accepted,United States,,,,,,,,,,,,,,,
637,PeytonPie,17:29.,accepted,Canada,,,,,,,,,,,,,,,
638,whatal,17:29.078,,England,,,,,,,,,,,,,,,
639,RownokIsHere,17:29.549,,Bangladesh,,,,,,,,,,,,,,,
640,PatoCesar,17:30.,accepted,Argentina,,,,,,,,,,,,,,,
641,steka,17:30.555,,Poland,,,,,,,,,,,,,,,
642,egeorge7,17:30.85,accepted,Unspecified,,,,,,,,,,,,,,,
643,Kuee,17:31.6,accepted,Lithuania,,,,,,,,,,,,,,,
644,FuRin0223,17:32.,accepted,New Zealand,,,,,,,,,,,,,,,
645,_Arctic_,17:32.09,accepted,United States,,,,,,,,,,,,,,,
646,PL_DkD_PL,17:32.331,,Poland,,,,,,,,,,,,,,,
647,TapL,17:33.,accepted,United States,,,,,,,,,,,,,,,
648,NoamMKW,17:33.612,,Israel,,,,,,,,,,,,,,,
649,TheCookiesRtasty,17:33.65,accepted,United Kingdom,,,,,,,,,,,,,,,
650,misfitmcsr,17:33.373,,Brazil,,,,,,,,,,,,,,,
651,moleza_,17:34.05,accepted,Brazil,,,,,,,,,,,,,,,
652,Jamima,17:34.2,accepted,Canada,,,,,,,,,,,,,,,
653,Archer823,17:34.5,accepted,China,,,,,,,,,,,,,,,
654,Creppcrafter,17:34.65,accepted,Germany,,,,,,,,,,,,,,,
655,LAZERFISHY,17:34.65,accepted,Sweden,,,,,,,,,,,,,,,
656,Darkmast3r,17:35.7,accepted,United States,,,,,,,,,,,,,,,
657,roverrr,17:36.35,accepted,Germany,,,,,,,,,,,,,,,
658,SirJeffersREBEL,17:37.521,,Unspecified,,,,,,,,,,,,,,,
659,liuzhihan6,17:37.629,,China,,,,,,,,,,,,,,,
660,Scuf,17:38.5,accepted,United States,,,,,,,,,,,,,,,
661,Entropy,17:38.5,accepted,United States,,,,,,,,,,,,,,,
662,nok,17:38.75,accepted,Israel,,,,,,,,,,,,,,,
663,Wattsoni,17:38.75,accepted,Finland,,,,,,,,,,,,,,,
664,twoeyeguy,17:39.35,accepted,United States,,,,,,,,,,,,,,,
665,switchwastaken,17:39.7,accepted,United States,,,,not pb,,,,,,,,,,,
666,Leaf___,17:39.9,accepted,United States,,,,,,,,,,,,,,,
667,LogyHD,17:40.737,,Canada,,,,,,,,,,,,,,,
668,DoWiiii,17:41.065,,Poland,,,,,,,,,,,,,,,
669,purplestardust,17:41.108,accepted,Canada,,,,,,,,,,,,,,,
670,TheRealZimmShady,17:41.324,,United States,,,,,,,,,,,,,,,
671,QueenAlyx,17:41.65,accepted,Malaysia,,,,,,,,,,,,,,,
672,SmallestBeanie,17:42.65,accepted,United Kingdom,,,,,,,,,,,,,,,
673,Lqaz,17:44.1,accepted,Unspecified,,,,,,,,,,,,,,,
674,Justal,17:44.308,,Israel,,,,,,,,,,,,,,,
675,buttergolem1,17:44.561,,United States,,,,,,,,,,,,,,,
676,Wirdymgar,17:44.85,accepted,Ecuador,,,,,,,,,,,,,,,
677,purplexD,17:45.,,Iceland,,,,,,,,,,,,,,,
678,trashpawer,17:45.3,accepted,Bulgaria,,,,,,,,,,,,,,,
679,Veptrox,17:45.594,accepted,Hong Kong,,,,,,,,,,,,,,,
680,Lexan,17:46.,accepted,Sweden,,,,,,,,,,,,,,,
681,Veeeegard,17:46.3,accepted,Norway,,,,,,,,,,,,,,,
682,Nick7247,17:46.6,accepted,United States,,,,,,,,,,,,,,,
683,tjthings,17:46.75,accepted,United States,,,,,,,,,,,,,,,
684,vegegrey,17:47.1,accepted,United States,,,,,,,,,,,,,,,
685,SpiffyCheese,17:47.65,accepted,United States,,,,,,,,,,,,,,,
686,ExTr0iX,17:47.85,accepted,Unspecified,,,,,,,,,,,,,,,
687,Domca26,17:47.978,,Czech Republic,,,,,Stats,,,,,,,,,,
688,Rusiii,17:48.278,,Germany,,,,,,,,,,,,,,,
689,Cher_I,17:48.862,,China,,,,,,,,,,,,,,,
690,Latezk,17:49.,,Finland,,,,,,,,,,,,,,,
691,Yontoba,17:49.267,,Switzerland,,,,,,,,,,,,,,,
692,pigswitch,17:49.378,,Australia,,,,,,,,,,,,,,,
693,danhem9,17:49.4,accepted,Netherlands,,,,,,,,,,,,,,,
694,YardSaleAce,17:49.55,accepted,United States,,,,,,,,,,,,,,,
695,OpsoG,17:49.75,accepted,Mongolia,,,,,,,,,,,,,,,
696,benchbotch,17:51.,accepted,Singapore,,,,,,,,,,,,,,,
697,stompyOne,17:51.5,accepted,Czech Republic,,,,,,,,,,,,,,,
698,Hultaj,17:51.65,accepted,Poland,,,,,,,,,,,,,,,
699,Heaven24x,17:51.7,accepted,Germany,,,,not pb ,,3,,,,,,,,,
700,duoduo,17:52.6,accepted,China,,,,,,,,,,,,,,,
701,nwolc,17:52.8,accepted,United Kingdom,,,,,Stats,,,,,,,,,,
702,Jigjester,17:53.65,accepted,United States,,,,not pb,,,,,,,,,,,
703,StainlessSteel,17:53.8,accepted,New Zealand,,,,,Stats,,,,,,,,,,
704,Makk3_,17:54.037,,Finland,,,,,,,,,,,,,,,
705,Farjour,17:54.229,,Australia,,,,,,,,,,,,,,,
706,PerveRonyy,17:54.4,accepted,Spain,,,,,,,,,,,,,,,
707,Gemlingur,17:54.65,accepted,Iceland,,,,,,,,,,,,,,,
708,felipebtw,17:54.85,accepted,United States,,,,,,,,,,,,,,,
709,virst,17:55.,accepted,United States,,,,not pb,,1,,,,,,,,,
710,danxnikkk,17:55.359,,United Kingdom,,,,,,,,,,,,,,,
711,ReepDeep,17:55.45,accepted,Singapore,,,,,,,,,,,,,,,
712,dariasc,17:55.75,accepted,Unspecified,,,,,,,,,,,,,,,
713,Vivek295,17:55.95,accepted,United States,,,,,,,,,,,,,,,
714,Paperpal9,17:56.614,,United States,,,,,,,,,,,,,,,
715,Killer-Spliff,17:57.4,accepted,United Kingdom,,,,,,,,,,,,,,,
716,Rodregulas,17:57.412,,Brazil,,,,,,,,,,,,,,,
717,AceLightning63,17:57.8,accepted,United States,,,,,,,,,,,,,,,
718,TendingSea1,17:58.1,accepted,United States,,,,,,,,,,,,,,,
719,Falacias,17:58.2,accepted,Argentina,,,,,,,,,,,,,,,
720,Alterro,17:58.45,accepted,Poland,,,,,,,,,,,,,,,
721,tekniik,17:58.9,accepted,United States,,,,not pb,,,,,,,,,,,
722,Theb,17:59.55,accepted,Philippines,,,,,,,,,,,,,,,
723,antidotess,18:00.247,,Russia,,,,,,,,,,,,,,,
724,DrGuy,18:01.797,,United States,,,,,,,,,,,,,,,
725,fiwi333,18:01.85,accepted,Poland,,,,,,,,,,,,,,,
726,scooter024,18:03.3,accepted,United States,,,,,,,,,,,,,,,
727,AuntSnail,18:03.35,accepted,United States,,,,,,,,,,,,,,,
728,TaymNeon,18:03.45,accepted,United States,,,,,,,,,,,,,,,
729,ayumu_RTA,18:04.537,,Japan,,,,,,,,,,,,,,,
730,Melizsa,18:04.55,accepted,Netherlands,,,,,,,,,,,,,,,
731,Socalova2,18:04.8,accepted,Canada,,,,,,,,,,,,,,,
732,Higuy112,18:05.921,,Canada,,,,,,,,,,,,,,,
733,nÃ«onXD,18:06.8,accepted,Poland,,,,,,,,,,,,,,,
734,NitroBS,18:07.324,,Panama,,,,,,,,,,,,,,,
735,PandapigGamer,18:07.4,accepted,United States,,,,,,,,,,,,,,,
736,SuperalienTessar,18:07.472,,Japan,,,,,,,,,,,,,,,
737,daniel_xp,18:07.75,accepted,Czech Republic,,,,,,,,,,,,,,,
738,ArloMio,18:07.8,accepted,Sweden,,,,,,,,,,,,,,,
739,bluescaled,18:08.15,accepted,Canada,,,,,,,,,,,,,,,
740,Ambol,18:08.769,,Philippines,,,,,,,,,,,,,,,
741,LordOfDarkness,18:09.05,accepted,Bosnia and Herzegovina,,,,,,,,,,,,,,,
742,Breizha,18:09.3,accepted,Germany,,,,,,,,,,,,,,,
743,Tazevita,18:10.3,accepted,United States,,,,,,,,,,,,,,,
744,Xx0MrGamer0xX,18:10.45,accepted,United States,,,,,,,,,,,,,,,
745,IWillRegretThis,18:10.45,accepted,Israel,,,,,,,,,,,,,,,
746,Drokzz_,18:12.,accepted,Poland,,,,,,,,,,,,,,,
747,RoysStyle,18:12.8,accepted,Poland,,,,,,,,,,,,,,,
748,Oliver_Piper,18:13.,accepted,Canada,,,,,,,,,,,,,,,
749,Sincol,18:13.332,accepted,Canada,,,,,,,,,,,,,,,
750,WarySkyPlayer,18:14.,accepted,Brazil,,,,,,,,,,,,,,,
751,MathoX,18:14.7,accepted,France,,,,,,,,,,,,,,,
752,NumberWheat4787,18:15.15,accepted,United States,,,,,,,,,,,,,,,
753,PozXNivMC,18:15.53,accepted,Unspecified,,,,,,,,,,,,,,,
754,notneam_,18:15.533,,Iran,,,,,,,,,,,,,,,
755,zt29,18:15.65,accepted,Singapore,,,,,,,,,,,,,,,
756,SnasTheSkeleton,18:16.,accepted,United States,,,,,,,,,,,,,,,
757,672JengaBlocks,18:16.,accepted,United States,,,,,,,,,,,,,,,
758,ADANDOC,18:16.1,accepted,Canada,,,,,,,,,,,,,,,
759,O_Berry,18:17.,accepted,France,,,,,,,,,,,,,,,
760,VMiZ,18:17.,accepted,Hungary,,,,,,,,,,,,,,,
761,Arslan913,18:18.25,accepted,England,,,,,,,,,,,,,,,
762,Shnenanigans,18:19.2,,Canada,,,,,,,,,,,,,,,
763,luisferbarragan,18:19.201,,Mexico,,,,,,,,,,,,,,,
764,Jaycee7C,18:20.,accepted,United States,,,,,,,,,,,,,,,
765,Dertska,18:20.061,,Brazil,,,,,,,,,,,,,,,
766,nocolour,18:20.277,,Canada,,,,,,,,,,,,,,,
767,Imvubu24,18:21.161,,,,,,,,,,,,,,,,,
768,AbyssUpdate,18:21.961,,United States,,,,,,,,,,,,,,,
769,Skitinater,18:22.45,accepted,Canada,,,,,,,,,,,,,,,
770,Mepsi,18:23.45,,United Kingdom,,,,,,,,,,,,,,,
771,GunterPenguin_,18:24.05,accepted,Russia,,,,,,,,,,,,,,,
772,Elysaku,18:24.1,accepted,United States,,,,not pb ,,,,,,,,,,,
773,TZADIKs,18:25.,accepted,Israel,,,,,,,,,,,,,,,
774,krizdy,18:25.,accepted,United States,,,,,,,,,,,,,,,
775,LensFlare,18:25.95,,Poland,,,,,,,,,,,,,,,
776,Centrix1x,18:26.1,accepted,Germany,,,,,,,,,,,,,,,
777,PrinceofSha,18:26.6,accepted,United States,,,,,,,,,,,,,,,
778,ItsssLolo,18:27.5,accepted,Italy,,,,,,,,,,,,,,,
779,warzone749,18:27.65,,United States,,,,,,,,,,,,,,,
780,DrikariD,18:27.7,accepted,Malaysia,,,,,,,,,,,,,,,
781,Yeopgihoney,18:27.965,,South Korea,,,,,,,,,,,,,,,
782,FalloutZander,18:28.051,accepted,England,,,,,,,,,,,,,,,
783,v2rey,18:28.124,,Iran,,,,,,,,,,,,,,,
784,xWounded,18:28.3,accepted,United Arab Emirates,,,,not pb,,2,,,,,,,,,
785,Relacibo,18:28.3,accepted,Germany,,,,,,,,,,,,,,,
786,Tort248,18:28.54,,United States,,,,,,,,,,,,,,,
787,Kmatic,18:28.966,accepted,Malaysia,,,,,,,,,,,,,,,
788,koko_mp4,18:29.,accepted,United States,,,,,,,,,,,,,,,
789,s0phiaaa,18:29.,accepted,United States,,,,,,,,,,,,,,,
790,Anitery,18:29.35,accepted,Indonesia,,,,,,,,,,,,,,,
791,ensn,18:29.6,accepted,Germany,,,,,,,,,,,,,,,
792,Asterie,18:30.,accepted,Russia,,,,,,,,,,,,,,,
793,FlawlessDiamond,18:30.064,,United States,,,,,,,,,,,,,,,
794,Quivern,18:30.7,accepted,United States,,,,,,,,,,,,,,,
795,VenfyTheKiller,18:31.3,accepted,Russia,,,,not pb,,,,,,,,,,,
796,TuCara9,18:31.75,accepted,Argentina,,,,,,,,,,,,,,,
797,gbrbgryn,18:31.5,accepted,England,,,,,,,,,,,,,,,
798,Servalot,18:32.35,accepted,United Kingdom,,,,,,,,,,,,,,,
799,StarCrash,18:35.1,accepted,Canada,,,,,,,,,,,,,,,
800,TyPier,18:36.112,,United States,,,,,,,,,,,,,,,
801,Apologize_Leaf,18:36.13,,China,,,,,,,,,,,,,,,
802,Officialjamesbob,18:37.25,accepted,Norway,,,,,,,,,,,,,,,
803,MemoryHunter,18:37.25,accepted,India,,,,,,,,,,,,,,,
804,3mperfect,18:37.45,accepted,Iran,,,,,,,,,,,,,,,
805,mushy2,18:37.129,,Canada,,,,,,,,,,,,,,,
806,catboyvici,18:38.499,,Indonesia,,,,,,,,,,,,,,,
807,Pholia,18:38.747,,Sweden,,,,,,,,,,,,,,,
808,TaxManMax,18:39.,accepted,United States,,,,not pb,,,,,,,,,,,
809,Bepeze,18:39.55,accepted,Brazil,,,,,,,,,,,,,,,
810,kolegaoliwier,18:40.1,accepted,Poland,,,,,,,,,,,,,,,
811,andemu,18:40.219,,Poland,,,,,,,,,,,,,,,
812,LunetWasTaken,18:40.7,,France,,,,,,,,,,,,,,,
813,Wilageman,18:41.25,accepted,Unspecified,,,,,,,,,,,,,,,
814,Roivin,18:41.45,accepted,South Korea,,,,,,,,,,,,,,,
815,Short_Giraffe,18:41.6,accepted,Unspecified,,,,,,,,,,,,,,,
816,EnderVaiD,18:43.3,accepted,Italy,,,,,,,,,,,,,,,
817,The_Gamingcube,18:43.3,accepted,Denmark,,,,,,,,,,,,,,,
818,davidsochill,18:44.05,accepted,United States,,,,,,,,,,,,,,,
819,ryancflam,18:44.752,,Hong Kong,,,,,,,,,,,,,,,
820,nameless365,18:45.1,accepted,Unspecified,,,,,,,,,,,,,,,
821,yokeslet,18:45.1,accepted,India,,,,,Stats,,,,,,,,,,
822,SilverDrMario,18:45.7,accepted,United States,,,,not pb,,1,,,,,,,,,
823,AndronicusAOTC,18:46.25,accepted,Unspecified,,,,,,,,,,,,,,,
824,Blue_Cat,18:47.348,,India,,,,,,,,,,,,,,,
825,xCrownie,18:47.35,accepted,Philippines,,,,,,,,,,,,,,,
826,gamerekk,18:47.45,,Poland,,,,,,,,,,,,,,,
827,7Pixels,18:47.75,accepted,Lithuania,,,,,,,,,,,,,,,
828,cornerkey,18:47.842,,South Africa,,,,,,,,,,,,,,,
829,MrBudgie,18:48.45,accepted,Canada,,,,not pb,,1,,,,,,,,,
830,wallacetaa,18:49.,accepted,Brazil,,,,,,,,,,,,,,,
831,Canuck,18:49.267,accepted,Canada,,,,,,,,,,,,,,,
832,Slime_Guy,18:49.304,,Bulgaria,,,,,,,,,,,,,,,
833,Earthlink,18:49.55,accepted,United States,,,,,,,,,,,,,,,
834,MeisterMaki,18:49.65,accepted,Germany,,,,,,,,,,,,,,,
835,r4msey,18:51.,accepted,United States,,,,,,,,,,,,,,,
836,Nuggopps,18:52.004,,Canada,,,,,,,,,,,,,,,
837,Ennesimo_,18:52.65,accepted,Italy,,,,,,,,,,,,,,,
838,dbowzer,18:52.75,accepted,United States,,,,,,,,,,,,,,,
839,xAowis,18:52.85,accepted,China,,,,,,,,,,,,,,,
840,noobicle,18:52.863,,Australia,,,,,,,,,,,,,,,
841,Bayermaster,18:53.132,accepted,South Africa,,,,,,,,,,,,,,,
842,Braby_,18:53.55,accepted,United States,,,,,,,,,,,,,,,
843,karolkop,18:54.,accepted,Czech Republic,,,,,,,,,,,,,,,
844,Zoteck,18:54.05,accepted,France,,,,,,,,,,,,,,,
845,Omitts,18:54.9,accepted,United States,,,,,,,,,,,,,,,
846,goseenanan,18:54.91,,United States,,,,,,,,,,,,,,,
847,Cesitee,18:54.992,,China,,,,,,,,,,,,,,,
848,_F4b_,18:55.1,accepted,Hungary,,,,,,,,,,,,,,,
849,Godzito,18:55.2,accepted,Mexico,,,,,,,,,,,,,,,
850,Adamos26,18:55.65,accepted,Poland,,,,,,,,,,,,,,,
851,Yummerz,18:55.965,,United States,,,,,,,,,,,,,,,
852,dadusak,18:56.299,,Czech Republic,,,,,,,,,,,,,,,
853,hdem243,18:56.953,,Australia,,,,,,,,,,,,,,,
854,Lcrafter176,18:57.,accepted,Germany,,,,,,,,,,,,,,,
855,loganmaster,18:57.25,accepted,United States,,,,,,,,,,,,,,,
856,Blazeboar,18:57.6,accepted,Unspecified,,,,,,,,,,,,,,,
857,Syolist,18:58.25,accepted,United States,,,,,,,,,,,,,,,
858,Hardyyyy_,18:58.5,accepted,Italy,,,,,,,,,,,,,,,
859,Ivwn,18:59.85,accepted,Croatia,,,,,,,,,,,,,,,
860,qwertupolip,18:59.946,,United States,,,,,,,,,,,,,,,
861,wikiweb,19:00.,accepted,Iran,,,,,,,,,,,,,,,
862,DashPum4,19:01.,accepted,United States,,,,,,,,,,,,,,,
863,Desert_Yeti,19:01.035,accepted,United States,,,,,,,,,,,,,,,
864,lilawio,19:01.05,accepted,Poland,,,,,,,,,,,,,,,
865,sw2g,19:01.321,,Netherlands,,,,,,,,,,,,,,,
866,Purpulpeopleater,19:01.7,accepted,,,,,,,,,,,,,,,,
867,HockeyLover469,19:01.7,accepted,United States,,,,,,,,,,,,,,,
868,Daijung,19:01.95,accepted,Unspecified,,,,,,,,,,,,,,,
869,Windmolema,19:02.686,,Netherlands,,,,,,,,,,,,,,,
870,nbalvaro,19:02.7,accepted,Spain,,,,,,,,,,,,,,,
871,Zethran,19:02.9,accepted,United States,,,,not pb,,,,,,,,,,,
872,Anakan,19:03.2,accepted,Czech Republic,,,,,,,,,,,,,,,
873,CalaclysmicFish,19:03.75,accepted,United Kingdom,,,,,,,,,,,,,,,
874,Johdude,19:03.558,accepted,Netherlands,,,,,,,,,,,,,,,
875,Omtist_GAME,19:04.614,,Turkey,,,,,,,,,,,,,,,
876,OutrageousJosh,19:05.1,accepted,United States,,,,,,,,,,,,,,,
877,Daferade,19:05.75,accepted,Argentina,,,,,,,,,,,,,,,
878,EvilPancake,19:06.013,,Denmark,,,,,,,,,,,,,,,
879,Krerey,19:06.3,accepted,United States,,,,,,,,,,,,,,,
880,PurpleSherbet,19:06.5,accepted,Australia,,,,,,,,,,,,,,,
881,ChezzyNachos,19:06.6,accepted,Colombia,,,,,,,,,,,,,,,
882,f3user,19:07.45,accepted,Canada,,,,,Stats,,,,,,,,,,
883,carpick96,19:07.535,accepted,Poland,,,,,,,,,,,,,,,
884,renz4short,19:07.65,accepted,United States,,,,,,,,,,,,,,,
885,enzi,19:08.232,,Germany,,,,,,,,,,,,,,,
886,FrogWithoutLegs,19:08.371,,Unspecified,,,,,,,,,,,,,,,
887,SvalbardHDX,19:08.469,,Czech Republic,,,,,,,,,,,,,,,
888,grameens,19:08.906,accepted,United States,,,,,,,,,,,,,,,
889,n1kku7,19:09.,accepted,United States,,,,,,,,,,,,,,,
890,Ahreo,19:09.025,accepted,United States,,,,,,,,,,,,,,,
891,Zarratix,19:09.045,accepted,Singapore,,,,,,,,,,,,,,,
892,Scac,19:09.15,,United States,,,,,,,,,,,,,,,
893,shyaya,19:10.05,accepted,Brazil,,,,,,,,,,,,,,,
894,hypechlorite,19:10.9,,Australia,,,,,,,,,,,,,,,
895,BryanWasntTaken,19:11.291,,Malaysia,,,,,,,,,,,,,,,
896,Lone07_,19:11.3,,France,,,,,,,,,,,,,,,
897,SlingShot,19:11.323,,Unspecified,,,,,,,,,,,,,,,
898,TobiaszGaming,19:11.95,accepted,Poland,,,,,,,,,,,,,,,
899,Dareal,19:12.223,,United Kingdom,,,,,,,,,,,,,,,
900,Secondairy,19:13.4,accepted,Australia,,,,,,,,,,,,,,,
901,Unknwon,19:13.5,accepted,Sweden,,,,,,,,,,,,,,,
902,Hanabi,19:14.,accepted,Taiwan,,,,,,,,,,,,,,,
903,Mackaroni,19:14.428,,United States,,,,,,,,,,,,,,,
904,peetDN,19:14.55,accepted,Sweden,,,,,,,,,,,,,,,
905,Jace174,19:14.7,accepted,Germany,,,,,,,,,,,,,,,
906,JanLive,19:15.,accepted,Colombia,,,,,,,,,,,,,,,
907,Lyphics,19:17.,accepted,United States,,,,,,,,,,,,,,,
908,DomMartiin,19:18.,accepted,United Kingdom,,,,,,,,,,,,,,,
909,Aethona,19:18.5,,United States,,,,,,,,,,,,,,,
910,masterwyatt,19:18.851,,United States,,,,,,,,,,,,,,,
911,DuncanRuns,19:18.9,accepted,Canada,,,,,,,,,,,,,,,
912,TheoRuns,19:19.,accepted,United States,,,,,,,,,,,,,,,
913,Soul,19:20,accepted,Slovenia,,,,,,,,,,,,,,,
914,Mikemino321,19:20.,accepted,United Kingdom,,,,,,,,,,,,,,,
915,JBCboss,19:20.33,accepted,United States,,,,,,,,,,,,,,,
916,MegaUltra_X,19:20.85,accepted,Spain,,,,,,,,,,,,,,,
917,sammysignal,19:21.5,accepted,United States,,,,,,,,,,,,,,,
918,Mick4994,19:22.422,,China,,,,,,,,,,,,,,,
919,Landslide88,19:23.05,accepted,United States,,,,,,,,,,,,,,,
920,Coreybirdo,19:23.05,,United States,,,,,,,,,,,,,,,
921,Dimmy4,19:24.,,Finland,,,,,,,,,,,,,,,
922,belgy_hagever,19:24.15,,Israel,,,,,,,,,,,,,,,
923,drcopium,19:25.,accepted,United Kingdom,,,,,,,,,,,,,,,
924,OleQ,19:25.15,accepted,Poland,,,,,,,,,,,,,,,
925,tauperm,19:25.384,,Japan,,,,,,,,,,,,,,,
926,Hartulino,19:26.1,accepted,Czech Republic,,,,,,,,,,,,,,,
927,Kates_confused,19:26.25,accepted,Canada,,,,not pb ,,,,,,,,,,,
928,rediban,19:27.4,accepted,Germany,,,,,,,,,,,,,,,
929,Gold2nGh9st,19:27.4,accepted,United States,,,,,,,,,,,,,,,
930,blobserr,19:28.85,accepted,Vietnam,,,,not pb,,,,,,,,,,,
931,otterfeet,19:29.,accepted,,,,,,,,,,,,,,,,
932,stellaeperditae,19:29.276,accepted,United Kingdom,,,,,,,,,,,,,,,
933,patfosh,19:29.45,,United States,,,,,,,,,,,,,,,
934,Botulinum,19:29.6,accepted,Netherlands,,,,,,,,,,,,,,,
935,actwashere,19:30.2,accepted,United States,,,,,,,,,,,,,,,
936,KowsAndKookies,19:30.352,,Canada,,,,,,,,,,,,,,,
937,ItzFoxey,19:30.55,accepted,Unspecified,,,,,,,,,,,,,,,
938,CaptainMoose35,19:30.598,,United States,,,,,,,,,,,,,,,
939,NoseQ,19:30.835,,Poland,,,,,,,,,,,,,,,
940,DrDrProf,19:31.,accepted,Germany,,,,,,,,,,,,,,,
941,Punz,19:31.283,accepted,United States,,,,,,,,,,,,,,,
942,jacato,19:31.45,accepted,United States,,,,,,,,,,,,,,,
943,AdriPotato,19:32.05,,Spain,,,,,,,,,,,,,,,
944,bionerd314,19:32.35,accepted,United States,,,,,,,,,,,,,,,
945,SergioWott,19:32.4,accepted,Mexico,,,,,,,,,,,,,,,
946,s8ris,19:32.95,accepted,Lithuania,,,,,,,,,,,,,,,
947,Someone408B,19:34.,accepted,,,,,,,,,,,,,,,,
948,Beeyasu,19:34.15,accepted,Australia,,,,,,,,,,,,,,,
949,Landydust,19:34.55,accepted,Canada,,,,,,,,,,,,,,,
950,JalapiÃ±econe,19:35.,accepted,Canada,,,,,,,,,,,,,,,
951,TANKER_000,19:36.12,,South Korea,,,,,,,,,,,,,,,
952,Miki26,19:36.242,,Montenegro,,,,,,,,,,,,,,,
953,addisonXx_,19:36.3,accepted,Canada,,,,not pb,,1,,,,,,,,,
954,loadreal,19:36.357,,Mexico,,,,,,,,,,,,,,,
955,Dylanychus,19:37.,accepted,Philippines,,,,not pb,,1,,,,,,,,,
956,JDRuns,19:37.,accepted,United States,,,,,,,,,,,,,,,
957,BeaverKing50,19:37.,,United States,,,,,,,,,,,,,,,
958,euji,19:37.845,accepted,Uruguay,,,,,,,,,,,,,,,
959,ModdyChat,19:38.1,accepted,Russia,,,,,Stats,,,,,,,,,,
960,Mikimetia,19:38.307,,Thailand,,,,,,,,,,,,,,,
961,Dusman,19:38.6,accepted,Serbia,,,,,,,,,,,,,,,
962,EdTheSurvivor,19:38.698,,Netherlands,,,,,,,,,,,,,,,
963,KrooLyyK,19:39.05,,Poland,,,,,,,,,,,,,,,
964,DunceDuck,19:39.75,accepted,United States,,,,,,,,,,,,,,,
965,neoprene,19:40,accepted,Germany,,,,,,,,,,,,,,,
966,Fedexcool24,19:40.65,accepted,Argentina,,,,,,,,,,,,,,,
967,Refleep,19:40.8,accepted,,,,,,,,,,,,,,,,
968,Jacksman,19:40.65,accepted,Unspecified,,,,,,,,,,,,,,,
969,Rami_kamado,19:41.,accepted,Japan,,,,,,,,,,,,,,,
970,alphaboy98,19:41.05,accepted,United States,,,,,,,,,,,,,,,
971,Centuriee,19:41.981,,Philippines,,,,,,,,,,,,,,,
972,Bisby1,19:42.1,accepted,United States,,,,,Stats,,,,,,,,,,
973,k1notv,19:42.3,accepted,Brazil,,,,,,,,,,,,,,,
974,MrFeathery,19:43.6,accepted,United States,,,,,,,,,,,,,,,
975,FinestPigeon,19:44.55,accepted,United States,,,,,,,,,,,,,,,
976,LordSimbalon,19:44.7,,Austria,,,,,,,,,,,,,,,
977,iKme_,19:45.,accepted,Hungary,,,,,,,,,,,,,,,
978,itrac,19:45.55,accepted,Estonia,,,,,,,,,,,,,,,
979,WGPL,19:45.89,,Poland,,,,,,,,,,,,,,,
980,APikavar,19:45.95,accepted,United States,,,,,,,,,,,,,,,
981,Chandelier04,19:46.,accepted,Australia,,,,,,,,,,,,,,,
982,Blenor,19:46.75,accepted,Unspecified,,,,,,,,,,,,,,,
983,Ezmoney314,19:47.,accepted,United States,,,,,,,,,,,,,,,
984,Mythic945,19:47.85,,,,,,,,,,,,,,,,,
985,PondMiner,19:49.3,accepted,Poland,,,,,,,,,,,,,,,
986,M8use,19:50.55,accepted,,,,,,,,,,,,,,,,
987,Otann,19:51.1,accepted,Brazil,,,,,,,,,,,,,,,
988,BlueOrSo,19:53.,accepted,Finland,,,,,,,,,,,,,,,
989,blazejPL,19:53.7,accepted,Poland,,,,,,,,,,,,,,,
990,dreamer1002,19:53.7,accepted,Unspecified,,,,,,,,,,,,,,,
991,oChicken,19:54.58,accepted,United States,,,,,,,,,,,,,,,
992,ImbeK,19:54.65,accepted,Poland,,,,,,,,,,,,,,,
993,noobbcp,19:55.,accepted,France,,,,,,,,,,,,,,,
994,ZitMa,19:55.667,,Canada,,,,,,,,,,,,,,,
995,SittingDucks,19:55.9,accepted,United States,,,,,,,,,,,,,,,
996,markus002,19:56.05,accepted,Estonia,,,,,,,,,,,,,,,
997,FunkyChickenGuy,19:56.3,accepted,Slovakia,,,,,,,,,,,,,,,
998,Aeroshide,19:56.7,accepted,Indonesia,,,,,,,,,,,,,,,
999,NotVampy,19:57.967,accepted,United States,,,,,,,,,,,,,,,
1000,Tranch,19:58.174,,United Kingdom,,,,,,,,,,,,,,,
1001,MrMomo,19:58.803,,Isle of Man,,,,,,,,,,,,,,,
1002,Warrior_monkies,19:59.,accepted,United States,,,,,,,,,,,,,,,
1003,Luxic,19:59.05,accepted,Slovakia,,,,,,,,,,,,,,,
1004,SpectralThief,19:59.75,,United States,,,,,,,,,,,,,,,
1005,marinersfan824,19:59.85,accepted,United States,,,,,,,,,,,,,,,
,,,,,,,,,,,,,,,,,,,
,rejected runs are deleted and run verification updated about every week,,,,,,,,,,,,,,,,,,
,,,,,,,,,,,,,,,,,,,
,"If a runner cheats a run, they will be completely removed from this leaderboard regardless of SRC status",,,,,,,,,,,,,,,,,,
,,,,,,,,,,,,,,,,,,,
,link to runs in RSG/SSG queue: https://randomidiot13.github.io/queueclient-web/,,,,,,,,,,,,,,,,,,
,,,,,,,,,,,,,,,,,,,
,fast stuff,,,,,,,,,,,,,,,,,,
,fastest blind travel:,Cube1337x 4:59,,,,,,,,,,,,,,,,,
,fastest nether:,Horsey 2:59,,,,,,,,,,,,,,,,,
,fastest enter end:,Crookst 7:31,,,,,,,,,,,,,,,,,
,fastest post-nether:,Aspect30 1:26,,,,,,,,,,,,,,,,,
,,,,,,,,,,,,,,,,,,,
,fastest monument:,Dylqn 12:14,,,,,,,,,,,,,,,,,
,,,,,,,,,,,,,,,,,,,
,,,,,,,,,,,,,,,,,,,
,,,,,,,,,,,,,,,,,,,
,notable unverified runs: ,,,,,,,,,,,,,,,,,,
,Markieboy257,9:57,world preview,,,,,,,,,,,,,,,,
,Emmy,10:06,chunk mod,,,,,,,,,,,,,,,,
,mynski,11:03.,,,,,,,,,,1,,,,,,,
,TerrellBruh,11:04,chunk mod,,,,,,,,,,,,,,,,
,Danger1451,11:35.5,chunk mod,,,,,,,,,,,,,,,,
,Real_Suleman,11:43,unrecorded,,,,,,,9,2,1,,,,,,,
,shy,11:55,chunk mod,,,,,,,,,1,,,,,,,
,Xia_Wen,11:58,chunk mod,,,,,,,,,,,,,,,,
,Tookann,12:20,chunk mod,,,,,,,,,,,,,,,,
,kruin,12:56,chunk mod,,Video,,,,,,,,,,,,,,
,curl,13:16.,chunk mod,,Video,,,,,,,,,,,,,,
,Heaven24x,13:30.3,,,Video,,,,,,,,,,,,,,
,Oscar31,13:31.,chunk mod,,,,,,,,,,,,,,,,
,MysticX,13:46.,lazy sh,,,,,,,1,,,,,,,,,
,citro,14:13.,rejected,United States,Video,,,,,1,,,,,,,,,
,Tfue,15:02.,not submitted,,,,,,,,,,,,,,,,
,itsNumber,15:56.,lack of evidence,,,,,,,,,,,,,,,,
,Nerdi,16:24. (new wr),not submitted,,,,,,,,,,,,,,,,
,n1kku7,16:28.,not streamed,,,,,,,,,,,,,,,,
,Yoopicul,17:10.1,,,,,,,,,,,,,,,,,
,sniperrl7,17:30.,,,,,,,,,,,,,,,,,
,Alivingcreatur,19:26.,,,,,,,,,,,,,,,,,
,,,,,,,,,,,,,,,,,,,
,,,,,,,,,,,,,,,,,,,
,,,,,,,,,,,,,,,,,,,
,,,,,,,,,,,,,,,,,,,
,,,,,,,,,,,,,,,,,,,
,Created By EricSkiGuy,,,,,,,,,,,,,,,,,,